"Id";"Référence";"Boîtier";"Quantité";"Désignation";"Fournisseur et réf";
1;"J1";"MountingHole_3x2";1;"GND";;;
2;"J3";"PadSensor_2.2mm";1;"IN";;;
3;"J4";"PadSensor_2.2mm";1;"VCC";;;
4;"J5";"PadSensor_2.2mm";1;"GND";;;
5;"C1";"CP_EIA-6032-28_Kemet-C";1;"CP";;;
6;"SW1";"Panasonic_EVQPUJ_EVQPUA";1;"SW_Push";;;
7;"U1";"DIP-8_W7.62mm";1;"ATtiny85_16MHZ";;;
8;"C2";"C_1206_3216Metric_Pad1.42x1.75mm_HandSolder";1;"100nF";;;
9;"D1";"LED_1206_3216Metric_Pad1.42x1.75mm_HandSolder";1;"RED";;;
10;"R1";"R_1206_3216Metric_Pad1.42x1.75mm_HandSolder";1;"680";;;
